code,date,uplimit_times,fake_time,uplimit_time,break_time,min_bigorder,yield_rate
000810,2020-01-02,13,2020-01-02 13:43:45.740,2020-01-02 13:41:20.420,2020-01-02 13:50:49.070,2,0.012130401819560266
002623,2020-01-02,3,2020-01-02 14:44:24.860,2020-01-02 10:24:38.260,2020-01-02 15:00:00.000,2,-0.01589889930697108
300132,2020-01-02,1,2020-01-02 09:38:06.110,2020-01-02 09:37:41.510,2020-01-02 09:43:40.170,2,0.039571310799670016
300264,2020-01-02,3,2020-01-02 10:49:22.510,2020-01-02 10:48:13.120,2020-01-02 15:00:00.000,2,0.10000000000000007
000892,2020-01-03,4,2020-01-03 09:48:15.770,2020-01-03 09:44:38.070,2020-01-03 15:00:00.000,2,-0.009063444108761365
002041,2020-01-03,5,2020-01-03 09:47:38.990,2020-01-03 09:46:55.180,2020-01-03 09:48:14.120,2,-0.0997566909975669
002530,2020-01-03,4,2020-01-03 09:55:09.750,2020-01-03 09:54:17.540,2020-01-03 09:55:37.730,2,0.07560137457044669
002530,2020-01-03,25,2020-01-03 14:20:55.710,2020-01-03 13:31:15.140,2020-01-03 15:00:00.000,2,0.07560137457044669
002878,2020-01-03,8,2020-01-03 10:53:43.980,2020-01-03 09:49:10.050,2020-01-03 13:00:02.810,2,-0.054901960784313635
300189,2020-01-03,2,2020-01-03 10:36:38.720,2020-01-03 10:36:14.310,2020-01-03 15:00:00.000,2,-0.028645833333333263
300592,2020-01-03,1,2020-01-03 09:36:27.350,2020-01-03 09:36:14.040,2020-01-03 09:36:41.710,2,-0.07093195931959329
300643,2020-01-03,1,2020-01-03 10:28:02.880,2020-01-03 10:27:31.760,2020-01-03 10:30:37.300,2,0.05591916083512905
002165,2020-01-15,2,2020-01-15 14:33:48.550,2020-01-15 14:33:18.930,2020-01-15 14:34:26.400,2,-0.052631578947368585
002776,2020-01-15,6,2020-01-15 13:21:07.300,2020-01-15 13:20:24.330,2020-01-15 15:00:00.000,2,-0.01345755693581785
300202,2020-01-15,3,2020-01-15 10:50:25.720,2020-01-15 10:49:24.930,2020-01-15 10:56:59.770,2,-0.04083204930662565
000700,2020-01-16,13,2020-01-16 10:13:40.360,2020-01-16 10:12:17.410,2020-01-16 15:00:00.000,2,0.09960681520314553
000998,2020-01-16,2,2020-01-16 14:37:32.510,2020-01-16 14:37:00.070,2020-01-16 14:40:10.280,2,-0.02491614758025873
300573,2020-01-16,1,2020-01-16 13:28:39.250,2020-01-16 13:05:24.380,2020-01-16 13:35:18.730,2,0.0
300603,2020-01-16,1,2020-01-16 10:03:01.220,2020-01-16 10:02:39.200,2020-01-16 10:10:08.100,2,0.09992810927390372
002166,2020-01-20,2,2020-01-20 10:10:51.950,2020-01-20 10:09:59.920,2020-01-20 10:11:14.610,2,0.10000000000000007
002316,2020-01-20,3,2020-01-20 11:02:12.570,2020-01-20 11:01:17.490,2020-01-20 11:02:33.960,2,-0.044071353620146914
002324,2020-01-20,2,2020-01-20 14:00:14.450,2020-01-20 13:59:58.300,2020-01-20 14:00:43.020,2,-0.024621212121212155
002529,2020-01-20,1,2020-01-20 09:40:11.840,2020-01-20 09:35:58.460,2020-01-20 10:13:05.310,2,0.06323529411764706
002603,2020-01-20,17,2020-01-20 13:00:01.010,2020-01-20 11:06:57.860,2020-01-20 15:00:00.000,2,0.10007047216349553
300221,2020-01-20,1,2020-01-20 09:32:22.900,2020-01-20 09:31:38.430,2020-01-20 09:33:03.690,2,-0.09538002980625926
300318,2020-01-20,1,2020-01-20 14:39:02.070,2020-01-20 14:38:03.570,2020-01-20 15:00:00.000,2,0.10044642857142838
300603,2020-01-20,5,2020-01-20 09:58:40.020,2020-01-20 09:51:07.400,2020-01-20 15:00:00.000,2,0.1001188354129532
000952,2020-01-21,2,2020-01-21 13:00:37.050,2020-01-21 13:00:00.330,2020-01-21 13:01:51.750,2,-0.0381315538608199
002584,2020-01-21,1,2020-01-21 09:50:07.210,2020-01-21 09:49:45.210,2020-01-21 15:00:00.000,2,-0.051948051948051965
002603,2020-01-21,14,2020-01-21 13:00:00.000,2020-01-21 11:29:26.370,2020-01-21 15:00:00.000,2,-0.026265214606021825
300030,2020-01-21,3,2020-01-21 09:46:10.900,2020-01-21 09:45:05.080,2020-01-21 10:18:42.420,2,-0.010165184243964398
300086,2020-01-21,1,2020-01-21 14:11:40.000,2020-01-21 14:09:13.400,2020-01-21 15:00:00.000,2,-0.06927175843694489
300256,2020-01-21,1,2020-01-21 10:04:34.200,2020-01-21 10:03:58.470,2020-01-21 15:00:00.000,2,0.058321479374110925
300603,2020-01-21,2,2020-01-21 09:45:43.550,2020-01-21 09:44:21.850,2020-01-21 09:46:02.980,2,-0.04266810694031864
000518,2020-01-22,13,2020-01-22 10:32:43.450,2020-01-22 10:03:19.130,2020-01-22 10:39:49.590,2,0.1002004008016033
300499,2020-01-22,2,2020-01-22 13:09:46.500,2020-01-22 13:01:10.150,2020-01-22 13:11:00.390,2,0.09971509971509973
300641,2020-01-22,1,2020-01-22 09:34:09.280,2020-01-22 09:33:59.350,2020-01-22 09:39:10.840,2,-0.14685314685314674
002584,2020-01-23,1,2020-01-23 14:23:04.610,2020-01-23 14:22:28.560,2020-01-23 15:00:00.000,2,0.09968847352024923
300342,2020-01-23,1,2020-01-23 10:05:56.300,2020-01-23 10:05:01.830,2020-01-23 10:18:12.940,2,-0.10018050541516244
300342,2020-01-23,5,2020-01-23 11:25:00.120,2020-01-23 10:45:59.490,2020-01-23 13:09:27.330,2,-0.10018050541516244
000698,2020-02-03,1,2020-02-03 10:43:44.990,2020-02-03 10:43:04.650,2020-02-03 15:00:00.000,2,0.061224489795918435
002341,2020-02-03,1,2020-02-03 11:01:28.570,2020-02-03 10:59:20.570,2020-02-03 11:02:17.640,2,0.012784090909090828
002160,2020-02-04,1,2020-02-04 09:49:19.380,2020-02-04 09:49:09.160,2020-02-04 09:49:38.780,2,0.10086455331412104
002160,2020-02-04,2,2020-02-04 09:50:45.920,2020-02-04 09:50:00.320,2020-02-04 15:00:00.000,2,0.10086455331412104
300282,2020-02-04,1,2020-02-04 11:21:03.590,2020-02-04 11:20:17.740,2020-02-04 15:00:00.000,2,0.10209424083769614
300436,2020-02-04,2,2020-02-04 11:21:20.150,2020-02-04 11:19:54.070,2020-02-04 15:00:00.000,2,0.07365868444983326
300496,2020-02-04,1,2020-02-04 11:17:55.540,2020-02-04 11:12:50.620,2020-02-04 11:19:00.430,2,0.035118219749652235
002742,2020-02-05,1,2020-02-05 11:28:20.720,2020-02-05 11:27:52.990,2020-02-05 15:00:00.000,2,0.10035211267605648
300074,2020-02-05,1,2020-02-05 10:16:34.190,2020-02-05 10:15:26.660,2020-02-05 10:16:54.850,2,0.09957627118644076
300074,2020-02-05,2,2020-02-05 10:19:45.830,2020-02-05 10:19:12.580,2020-02-05 14:21:13.470,2,0.09957627118644076
300343,2020-02-05,1,2020-02-05 14:52:25.310,2020-02-05 11:02:57.600,2020-02-05 15:00:00.000,2,0.10035842293906794
300760,2020-02-05,26,2020-02-05 11:22:52.950,2020-02-05 10:55:49.370,2020-02-05 15:00:00.000,2,0.008409473157870773
000078,2020-02-06,59,2020-02-06 10:52:35.080,2020-02-06 10:47:25.670,2020-02-06 15:00:00.000,2,0.017021276595744702
000420,2020-02-06,1,2020-02-06 10:01:46.670,2020-02-06 10:00:11.620,2020-02-06 15:00:00.000,2,0.05188679245283012
000566,2020-02-06,4,2020-02-06 10:33:03.390,2020-02-06 10:30:01.470,2020-02-06 15:00:00.000,2,0.07565011820330958
000695,2020-02-06,2,2020-02-06 11:27:41.330,2020-02-06 11:27:16.310,2020-02-06 13:51:46.970,2,-0.006849315068493178
300222,2020-02-06,3,2020-02-06 14:19:07.150,2020-02-06 13:00:02.970,2020-02-06 14:29:05.180,2,0.02342786683107301
300307,2020-02-06,2,2020-02-06 11:17:25.600,2020-02-06 11:16:31.350,2020-02-06 11:18:08.390,2,-0.011086474501108556
300658,2020-02-06,1,2020-02-06 14:59:53.680,2020-02-06 11:18:49.760,2020-02-06 15:00:00.000,2,0.0522774327122153
002274,2020-02-10,2,2020-02-10 13:37:22.320,2020-02-10 13:33:51.330,2020-02-10 13:41:02.640,2,-0.018808777429467072
002328,2020-02-10,1,2020-02-10 09:46:42.530,2020-02-10 09:45:59.120,2020-02-10 10:08:23.500,2,-0.06717850287907867
002540,2020-02-10,1,2020-02-10 14:09:09.980,2020-02-10 14:07:03.780,2020-02-10 14:11:55.470,2,0.06783369803063444
002591,2020-02-10,5,2020-02-10 13:20:44.690,2020-02-10 13:06:08.920,2020-02-10 15:00:00.000,2,-0.0285110876451955
002935,2020-02-10,1,2020-02-10 14:09:38.670,2020-02-10 14:09:08.350,2020-02-10 15:00:00.000,2,-0.05169679670155414
300189,2020-02-10,7,2020-02-10 13:33:40.730,2020-02-10 10:15:06.890,2020-02-10 15:00:00.000,2,-0.0434782608695653
000890,2020-02-11,2,2020-02-11 10:04:42.490,2020-02-11 09:52:25.470,2020-02-11 10:16:41.030,2,-0.02263374485596714
300534,2020-02-11,3,2020-02-11 09:36:50.840,2020-02-11 09:36:30.380,2020-02-11 09:46:11.580,2,-0.040000000000000036
002829,2020-02-12,1,2020-02-12 13:56:37.600,2020-02-12 13:55:10.150,2020-02-12 14:23:02.050,2,0.09434682964094733
300117,2020-02-12,1,2020-02-12 14:20:45.240,2020-02-12 14:20:27.330,2020-02-12 15:00:00.000,2,-0.034666666666666617
300247,2020-02-12,4,2020-02-12 09:44:32.190,2020-02-12 09:43:53.390,2020-02-12 09:51:43.730,2,-0.054607508532423236
300340,2020-02-12,1,2020-02-12 10:33:14.050,2020-02-12 10:27:00.640,2020-02-12 10:40:30.050,2,-0.061688311688311674
000540,2020-02-13,1,2020-02-13 09:38:04.430,2020-02-13 09:36:11.220,2020-02-13 09:46:14.900,2,0.10097719869706843
002613,2020-02-13,4,2020-02-13 09:36:37.960,2020-02-13 09:35:49.040,2020-02-13 13:02:59.360,2,0.10158730158730167
300080,2020-02-13,1,2020-02-13 13:35:25.330,2020-02-13 13:34:49.030,2020-02-13 13:41:12.690,2,0.0499040307101728
000540,2020-02-14,3,2020-02-14 10:49:48.330,2020-02-14 10:49:06.290,2020-02-14 10:50:38.250,2,0.10059171597633143
000609,2020-02-14,1,2020-02-14 11:28:01.870,2020-02-14 11:22:52.570,2020-02-14 15:00:00.000,2,0.04724409448818912
002428,2020-02-14,2,2020-02-14 13:00:07.780,2020-02-14 13:00:00.010,2020-02-14 14:22:06.890,2,-0.011380880121396042
002483,2020-02-14,1,2020-02-14 10:16:29.550,2020-02-14 10:15:55.720,2020-02-14 10:35:48.490,2,0.09984152139461178
002880,2020-02-14,2,2020-02-14 09:36:13.910,2020-02-14 09:35:46.120,2020-02-14 09:37:43.730,2,-0.005815687444079898
300102,2020-02-14,1,2020-02-14 13:07:23.870,2020-02-14 13:07:09.510,2020-02-14 13:07:42.250,2,0.10040160642570273
300235,2020-02-14,8,2020-02-14 14:18:47.880,2020-02-14 14:17:08.680,2020-02-14 15:00:00.000,2,-0.03162055335968384
000004,2020-02-17,4,2020-02-17 09:59:22.930,2020-02-17 09:58:00.980,2020-02-17 15:00:00.000,2,0.10012782275245002
000525,2020-02-17,12,2020-02-17 09:35:17.280,2020-02-17 09:34:39.890,2020-02-17 15:00:00.000,2,0.016917293233082775
000697,2020-02-17,1,2020-02-17 10:26:54.040,2020-02-17 09:52:40.990,2020-02-17 15:00:00.000,2,0.09989142236699244
002215,2020-02-17,6,2020-02-17 09:49:14.180,2020-02-17 09:47:26.820,2020-02-17 09:49:50.830,2,-0.09090909090909094
002215,2020-02-17,11,2020-02-17 10:07:49.730,2020-02-17 10:05:30.720,2020-02-17 10:29:31.560,2,-0.09090909090909094
002396,2020-02-17,11,2020-02-17 13:12:35.430,2020-02-17 13:07:21.310,2020-02-17 13:37:22.600,2,-0.003505491937368488
300087,2020-02-17,2,2020-02-17 09:59:13.370,2020-02-17 09:56:54.380,2020-02-17 10:21:47.820,2,0.10000000000000007
300135,2020-02-17,1,2020-02-17 13:59:10.420,2020-02-17 13:56:48.240,2020-02-17 14:03:36.310,2,-0.011718750000000113
300230,2020-02-17,2,2020-02-17 09:30:53.950,2020-02-17 09:30:37.240,2020-02-17 09:32:34.430,2,0.10063897763578278
300280,2020-02-17,3,2020-02-17 09:49:03.920,2020-02-17 09:47:46.580,2020-02-17 09:50:04.550,2,0.10013908205841447
300320,2020-02-17,2,2020-02-17 14:11:55.960,2020-02-17 14:11:46.480,2020-02-17 14:14:07.240,2,-0.03745318352059923
300546,2020-02-17,1,2020-02-17 13:33:41.220,2020-02-17 13:00:09.380,2020-02-17 14:02:22.820,2,-0.01163146617692079
300593,2020-02-17,2,2020-02-17 13:40:02.020,2020-02-17 13:39:23.390,2020-02-17 13:43:50.930,2,0.0280898876404494
300603,2020-02-17,1,2020-02-17 14:50:21.490,2020-02-17 14:48:32.480,2020-02-17 15:00:00.000,2,0.10008092797410306
300615,2020-02-17,3,2020-02-17 10:40:09.280,2020-02-17 10:39:22.320,2020-02-17 10:42:38.250,2,0.05963556046383234
000540,2020-02-18,1,2020-02-18 09:39:50.990,2020-02-18 09:39:26.540,2020-02-18 09:40:42.560,2,0.053789731051344665
000540,2020-02-18,5,2020-02-18 09:58:20.420,2020-02-18 09:57:43.570,2020-02-18 09:59:09.720,2,0.053789731051344665
002101,2020-02-18,1,2020-02-18 09:57:36.330,2020-02-18 09:53:03.890,2020-02-18 09:59:02.180,2,-0.041935483870967794
002189,2020-02-18,3,2020-02-18 10:25:47.080,2020-02-18 10:19:17.950,2020-02-18 10:29:09.800,2,0.056797020484171235
002413,2020-02-18,2,2020-02-18 09:41:35.820,2020-02-18 09:40:39.820,2020-02-18 09:42:00.420,2,0.056396148555708514
002413,2020-02-18,3,2020-02-18 09:44:09.690,2020-02-18 09:43:34.290,2020-02-18 09:45:01.300,2,0.056396148555708514
002413,2020-02-18,4,2020-02-18 09:46:29.440,2020-02-18 09:45:29.890,2020-02-18 09:51:26.050,2,0.056396148555708514
002549,2020-02-18,2,2020-02-18 13:23:14.100,2020-02-18 13:22:27.790,2020-02-18 13:27:26.250,2,0.052112676056337966
002951,2020-02-18,1,2020-02-18 13:01:56.260,2020-02-18 13:00:37.710,2020-02-18 15:00:00.000,2,0.04214559386973171
300054,2020-02-18,4,2020-02-18 14:20:55.240,2020-02-18 14:13:08.540,2020-02-18 14:25:38.150,2,0.03356890459363937
300160,2020-02-18,18,2020-02-18 13:45:27.610,2020-02-18 13:09:54.100,2020-02-18 15:00:00.000,2,0.0026501766784452485
300318,2020-02-18,12,2020-02-18 09:32:55.070,2020-02-18 09:31:50.100,2020-02-18 09:35:36.910,2,-0.2267884322678844
000700,2020-02-19,4,2020-02-19 14:45:25.400,2020-02-19 14:44:56.180,2020-02-19 14:51:13.080,2,-0.06794871794871793
000797,2020-02-19,2,2020-02-19 10:03:51.550,2020-02-19 10:02:47.100,2020-02-19 10:04:50.150,2,0.01362397820163497
000875,2020-02-19,2,2020-02-19 10:19:08.620,2020-02-19 10:18:33.360,2020-02-19 10:20:19.750,2,0.0050632911392405324
002121,2020-02-19,1,2020-02-19 09:34:29.550,2020-02-19 09:31:42.560,2020-02-19 09:34:52.400,2,-0.061946902654867124
002321,2020-02-19,4,2020-02-19 13:56:48.900,2020-02-19 13:53:43.000,2020-02-19 14:01:45.680,2,-0.01923076923076916
002542,2020-02-19,2,2020-02-19 09:52:02.630,2020-02-19 09:51:21.590,2020-02-19 15:00:00.000,2,-0.02067183462532296
002824,2020-02-19,1,2020-02-19 10:31:55.740,2020-02-19 10:26:32.100,2020-02-19 15:00:00.000,2,0.09973980919340852
002961,2020-02-19,4,2020-02-19 13:00:00.020,2020-02-19 11:09:01.270,2020-02-19 14:09:41.980,2,0.06113537117903944
300032,2020-02-19,1,2020-02-19 09:35:17.400,2020-02-19 09:34:51.620,2020-02-19 10:03:19.030,2,0.10109890109890117
300032,2020-02-19,3,2020-02-19 10:06:56.980,2020-02-19 10:05:59.340,2020-02-19 15:00:00.000,2,0.10109890109890117
300041,2020-02-19,9,2020-02-19 09:49:40.370,2020-02-19 09:48:27.050,2020-02-19 09:52:55.220,2,0.057793345008756665
300467,2020-02-19,1,2020-02-19 13:29:51.130,2020-02-19 13:28:57.200,2020-02-19 13:34:16.230,2,0.00396628656420428
300467,2020-02-19,2,2020-02-19 13:35:54.910,2020-02-19 13:34:50.150,2020-02-19 13:37:54.590,2,0.00396628656420428
300661,2020-02-19,1,2020-02-19 14:05:45.130,2020-02-19 10:22:10.530,2020-02-19 14:08:03.560,2,0.049728169057345666
000536,2020-02-20,3,2020-02-20 13:58:07.780,2020-02-20 13:53:06.910,2020-02-20 14:04:05.270,2,0.003921568627450967
002418,2020-02-20,3,2020-02-20 10:34:36.620,2020-02-20 10:25:17.160,2020-02-20 15:00:00.000,2,-0.007547169811320753
002805,2020-02-20,8,2020-02-20 09:58:47.900,2020-02-20 09:53:22.830,2020-02-20 15:00:00.000,2,0.016548463356973908
300162,2020-02-20,3,2020-02-20 13:51:45.590,2020-02-20 13:50:51.160,2020-02-20 15:00:00.000,2,-0.0222007722007721
300485,2020-02-20,1,2020-02-20 14:24:13.600,2020-02-20 14:22:52.510,2020-02-20 15:00:00.000,2,0.02564102564102555
000016,2020-02-21,13,2020-02-21 14:07:28.220,2020-02-21 14:07:04.340,2020-02-21 14:08:18.480,2,-0.0551248923341946
000889,2020-02-21,1,2020-02-21 09:41:13.910,2020-02-21 09:40:50.440,2020-02-21 09:43:26.080,2,0.06569343065693434
002245,2020-02-21,4,2020-02-21 10:33:10.450,2020-02-21 10:32:20.800,2020-02-21 15:00:00.000,2,-0.007092198581560294
002335,2020-02-21,7,2020-02-21 10:32:12.620,2020-02-21 10:31:29.220,2020-02-21 15:00:00.000,2,0.05318699873364285
002662,2020-02-21,1,2020-02-21 14:45:10.400,2020-02-21 14:33:20.960,2020-02-21 14:45:36.870,2,0.10169491525423724
300504,2020-02-21,1,2020-02-21 14:33:44.730,2020-02-21 14:33:14.960,2020-02-21 14:35:13.500,2,0.030622324662495926
300658,2020-02-21,1,2020-02-21 14:04:04.430,2020-02-21 13:58:58.820,2020-02-21 14:06:39.560,2,0.1000944287063268
000070,2020-02-24,1,2020-02-24 13:05:52.740,2020-02-24 13:05:29.410,2020-02-24 13:06:34.970,2,0.011419249592169669
002006,2020-02-24,1,2020-02-24 10:24:00.110,2020-02-24 09:54:23.650,2020-02-24 10:24:49.270,2,-0.01384083044982698
002160,2020-02-24,2,2020-02-24 09:31:42.490,2020-02-24 09:31:29.660,2020-02-24 15:00:00.000,2,0.09966777408637872
002184,2020-02-24,10,2020-02-24 11:21:18.630,2020-02-24 09:42:58.320,2020-02-24 15:00:00.000,2,0.06430868167202575
002598,2020-02-24,1,2020-02-24 09:38:07.680,2020-02-24 09:36:45.590,2020-02-24 09:39:08.420,2,-0.046941678520625814
002970,2020-02-24,1,2020-02-24 09:53:39.930,2020-02-24 09:53:30.660,2020-02-24 10:25:02.590,2,0.048230731943771366
300064,2020-02-24,2,2020-02-24 10:25:09.380,2020-02-24 10:23:35.640,2020-02-24 15:00:00.000,2,0.10000000000000007
300113,2020-02-24,1,2020-02-24 09:59:14.500,2020-02-24 09:59:08.000,2020-02-24 09:59:21.470,2,-0.05562095350205987
300555,2020-02-24,1,2020-02-24 09:45:36.390,2020-02-24 09:45:02.110,2020-02-24 15:00:00.000,2,0.09982332155477014
300678,2020-02-24,1,2020-02-24 11:22:27.870,2020-02-24 11:17:58.650,2020-02-24 11:22:58.800,2,0.01639969488939741
000608,2020-02-25,1,2020-02-25 10:25:18.730,2020-02-25 10:24:54.420,2020-02-25 10:36:43.770,2,-0.016949152542372836
000955,2020-02-25,1,2020-02-25 09:32:14.010,2020-02-25 09:31:42.090,2020-02-25 11:09:52.110,2,0.032196969696969724
002160,2020-02-25,2,2020-02-25 09:58:29.320,2020-02-25 09:42:34.770,2020-02-25 10:02:39.700,2,0.09969788519637457
002232,2020-02-25,1,2020-02-25 10:54:33.690,2020-02-25 10:07:16.900,2020-02-25 11:10:48.800,2,0.09963099630996307
300050,2020-02-25,3,2020-02-25 11:09:42.050,2020-02-25 10:59:15.550,2020-02-25 11:14:37.120,2,-0.054517133956386236
300064,2020-02-25,4,2020-02-25 11:18:05.300,2020-02-25 11:15:34.480,2020-02-25 15:00:00.000,2,0.0989304812834224
300221,2020-02-25,1,2020-02-25 13:09:49.730,2020-02-25 13:08:46.500,2020-02-25 15:00:00.000,2,-0.06797583081571001
000030,2020-02-26,1,2020-02-26 13:32:38.690,2020-02-26 13:31:53.160,2020-02-26 13:34:11.110,2,0.03921568627450989
002051,2020-02-26,6,2020-02-26 13:00:04.750,2020-02-26 11:14:56.880,2020-02-26 14:19:05.500,2,-0.025917926565874768
002062,2020-02-26,1,2020-02-26 14:48:53.930,2020-02-26 10:14:03.570,2020-02-26 15:00:00.000,2,0.10133333333333328
002160,2020-02-26,35,2020-02-26 11:17:27.290,2020-02-26 11:15:39.200,2020-02-26 11:26:49.010,2,-0.10027472527472536
002232,2020-02-26,5,2020-02-26 13:00:00.000,2020-02-26 11:02:16.590,2020-02-26 15:00:00.000,2,-0.07130872483221473
002517,2020-02-26,3,2020-02-26 14:17:14.510,2020-02-26 14:09:27.520,2020-02-26 14:21:16.020,2,0.10153846153846158
002517,2020-02-26,4,2020-02-26 14:39:52.610,2020-02-26 14:21:39.100,2020-02-26 14:44:25.430,2,0.10153846153846158
002535,2020-02-26,1,2020-02-26 10:18:03.780,2020-02-26 10:17:33.300,2020-02-26 10:28:25.340,2,-0.06271777003484325
002535,2020-02-26,2,2020-02-26 10:34:30.920,2020-02-26 10:28:56.870,2020-02-26 10:36:05.990,2,-0.06271777003484325
002535,2020-02-26,5,2020-02-26 13:03:20.690,2020-02-26 10:54:24.970,2020-02-26 14:43:51.270,2,-0.06271777003484325
000509,2020-02-27,1,2020-02-27 11:02:33.220,2020-02-27 10:39:24.610,2020-02-27 11:15:25.420,2,0.0
002397,2020-02-27,1,2020-02-27 09:56:54.410,2020-02-27 09:35:39.590,2020-02-27 09:57:10.650,2,0.020872865275142427
002452,2020-02-27,6,2020-02-27 10:51:54.130,2020-02-27 10:28:37.680,2020-02-27 14:26:12.120,2,-0.10016420361247937
002481,2020-02-27,1,2020-02-27 10:57:25.960,2020-02-27 10:55:55.440,2020-02-27 10:58:06.190,2,-0.07002188183807445
002517,2020-02-27,4,2020-02-27 10:01:20.420,2020-02-27 09:58:05.840,2020-02-27 10:20:09.310,2,-0.05865921787709494
002730,2020-02-27,1,2020-02-27 13:55:05.570,2020-02-27 13:54:37.760,2020-02-27 13:55:35.710,2,-0.09299655568312293
300205,2020-02-27,6,2020-02-27 10:17:15.100,2020-02-27 10:16:10.090,2020-02-27 10:18:59.230,2,-0.03910256410256408
300399,2020-02-27,7,2020-02-27 13:10:39.960,2020-02-27 13:03:46.980,2020-02-27 14:11:39.540,2,-0.06666666666666665
000030,2020-02-28,1,2020-02-28 14:33:46.920,2020-02-28 13:17:10.200,2020-02-28 15:00:00.000,2,0.09948542024013718
000510,2020-02-28,2,2020-02-28 11:06:17.830,2020-02-28 09:38:48.250,2020-02-28 11:06:32.700,2,-0.013618677042801395
002172,2020-02-28,3,2020-02-28 13:31:57.510,2020-02-28 11:17:15.280,2020-02-28 15:00:00.000,2,0.03722084367245637
002503,2020-02-28,4,2020-02-28 10:21:44.600,2020-02-28 10:15:10.840,2020-02-28 10:50:54.990,2,0.09999999999999988
002503,2020-02-28,8,2020-02-28 11:10:53.800,2020-02-28 11:07:24.410,2020-02-28 15:00:00.000,2,0.09999999999999988
002771,2020-02-28,1,2020-02-28 09:58:25.090,2020-02-28 09:58:01.420,2020-02-28 11:27:51.200,2,0.10019392372333537
000428,2020-03-02,1,2020-03-02 09:35:58.020,2020-03-02 09:35:33.400,2020-03-02 09:43:02.430,2,0.10357142857142844
002291,2020-03-02,4,2020-03-02 14:40:50.160,2020-03-02 14:39:58.860,2020-03-02 14:55:40.790,2,0.09991974317816997
002307,2020-03-02,4,2020-03-02 11:14:58.550,2020-03-02 11:06:25.830,2020-03-02 11:19:55.320,2,0.03741496598639471
002367,2020-03-02,1,2020-03-02 10:04:42.860,2020-03-02 10:04:05.450,2020-03-02 15:00:00.000,2,0.02355712603062421
002391,2020-03-02,1,2020-03-02 11:11:45.580,2020-03-02 11:11:18.170,2020-03-02 11:13:04.510,2,0.05217391304347818
300071,2020-03-02,1,2020-03-02 13:46:53.160,2020-03-02 13:01:35.440,2020-03-02 14:48:49.460,2,0.09926470588235303
300299,2020-03-02,1,2020-03-02 11:14:30.380,2020-03-02 11:13:46.270,2020-03-02 11:19:22.600,2,0.051975051975051915
300310,2020-03-02,2,2020-03-02 13:31:50.160,2020-03-02 13:31:16.850,2020-03-02 13:37:09.140,2,-0.016129032258064724
300382,2020-03-02,1,2020-03-02 09:34:13.280,2020-03-02 09:33:23.720,2020-03-02 15:00:00.000,2,-0.05035971223021585
300488,2020-03-02,1,2020-03-02 13:01:00.120,2020-03-02 11:07:50.570,2020-03-02 13:09:39.450,2,-0.044140030441400364
002069,2020-03-12,3,2020-03-12 09:36:19.800,2020-03-12 09:35:49.410,2020-03-12 09:46:34.830,2,-0.056980056980056926
002375,2020-03-12,9,2020-03-12 14:18:28.620,2020-03-12 10:22:43.140,2020-03-12 14:23:10.620,2,0.042993630573248336
300040,2020-03-12,1,2020-03-12 14:49:21.010,2020-03-12 14:47:51.850,2020-03-12 14:56:42.460,2,-0.005917159763313529
300272,2020-03-12,2,2020-03-12 13:22:05.800,2020-03-12 13:21:27.150,2020-03-12 13:22:36.640,2,-0.10032894736842113
000663,2020-03-13,1,2020-03-13 09:33:26.180,2020-03-13 09:30:38.560,2020-03-13 15:00:00.000,2,0.10084033613445388
300120,2020-03-13,1,2020-03-13 10:14:59.120,2020-03-13 10:12:22.530,2020-03-13 10:16:23.990,2,-0.0996677740863786
300120,2020-03-13,5,2020-03-13 13:00:00.000,2020-03-13 10:23:34.160,2020-03-13 15:00:00.000,2,-0.0996677740863786
300189,2020-03-13,1,2020-03-13 13:38:08.750,2020-03-13 13:36:48.040,2020-03-13 13:42:14.800,2,-0.01822916666666663
300655,2020-03-13,2,2020-03-13 10:29:57.510,2020-03-13 10:29:36.200,2020-03-13 11:11:12.280,2,-0.04468864468864486
000721,2020-03-16,1,2020-03-16 10:50:14.660,2020-03-16 10:33:20.140,2020-03-16 14:20:44.880,2,-0.06858407079646013
000721,2020-03-16,2,2020-03-16 14:46:38.230,2020-03-16 14:21:43.200,2020-03-16 15:00:00.000,2,-0.06858407079646013
000797,2020-03-16,6,2020-03-16 13:06:29.340,2020-03-16 11:24:27.940,2020-03-16 14:44:12.650,2,-0.09976798143851506
002560,2020-03-16,3,2020-03-16 10:52:35.960,2020-03-16 10:51:18.210,2020-03-16 10:53:19.040,2,0.10013351134846472
300466,2020-03-16,6,2020-03-16 09:57:34.040,2020-03-16 09:50:18.250,2020-03-16 13:05:25.470,2,-0.16844602609727166
300698,2020-03-16,1,2020-03-16 13:45:29.600,2020-03-16 13:38:04.220,2020-03-16 13:46:23.030,2,-0.09180918091809176
000700,2020-03-17,30,2020-03-17 14:30:45.010,2020-03-17 14:18:10.480,2020-03-17 15:00:00.000,2,-0.04519230769230776
002953,2020-03-17,10,2020-03-17 10:36:06.680,2020-03-17 09:57:55.720,2020-03-17 15:00:00.000,2,0.09991650431394383
002331,2020-03-18,2,2020-03-18 11:18:02.380,2020-03-18 11:11:25.300,2020-03-18 13:00:32.900,2,-0.02622673434856182
002339,2020-03-18,6,2020-03-18 11:27:47.030,2020-03-18 11:22:27.330,2020-03-18 13:21:45.930,2,-0.08364083640836417
002426,2020-03-18,9,2020-03-18 10:41:27.830,2020-03-18 10:26:38.680,2020-03-18 13:58:24.200,2,0.1013215859030836
002877,2020-03-18,1,2020-03-18 13:12:01.520,2020-03-18 11:29:22.440,2020-03-18 13:12:50.230,2,0.040000000000000036
002877,2020-03-18,2,2020-03-18 13:16:57.690,2020-03-18 13:14:20.180,2020-03-18 13:26:18.350,2,0.040000000000000036
300238,2020-03-18,1,2020-03-18 13:56:26.630,2020-03-18 09:56:05.560,2020-03-18 13:56:46.040,2,-0.08459979736575463
300489,2020-03-18,1,2020-03-18 10:26:42.010,2020-03-18 09:41:37.420,2020-03-18 10:31:19.340,2,0.009515313707998851
300499,2020-03-18,7,2020-03-18 13:21:42.900,2020-03-18 09:56:46.550,2020-03-18 13:27:01.690,2,-0.015712113532691196
002338,2020-03-19,3,2020-03-19 11:01:42.560,2020-03-19 10:13:38.080,2020-03-19 11:04:43.220,2,-0.02950030102347978
002342,2020-03-19,1,2020-03-19 14:48:54.880,2020-03-19 14:48:18.680,2020-03-19 15:00:00.000,2,-0.013623978201634857
002897,2020-03-19,1,2020-03-19 11:07:09.710,2020-03-19 09:57:55.430,2020-03-19 13:00:54.220,2,0.06780150028851706
002922,2020-03-19,1,2020-03-19 13:59:18.410,2020-03-19 13:55:29.580,2020-03-19 14:43:38.870,2,-0.01235330450895622
300312,2020-03-19,2,2020-03-19 14:13:23.850,2020-03-19 14:11:27.970,2020-03-19 14:29:37.380,2,-0.022280471821756187
300376,2020-03-19,2,2020-03-19 14:27:05.010,2020-03-19 14:11:30.470,2020-03-19 14:28:25.130,2,0.0049423393739702615
000610,2020-03-20,1,2020-03-20 14:39:47.920,2020-03-20 14:39:21.840,2020-03-20 15:00:00.000,2,-0.07481060606060619
002265,2020-03-20,1,2020-03-20 09:45:15.700,2020-03-20 09:44:57.310,2020-03-20 09:50:17.140,2,-0.06375442739079118
002317,2020-03-20,6,2020-03-20 10:14:36.280,2020-03-20 10:14:02.540,2020-03-20 10:33:43.710,2,0.008950366151342594
002339,2020-03-20,1,2020-03-20 10:06:16.520,2020-03-20 10:05:28.730,2020-03-20 10:17:40.820,2,-0.04146341463414627
002339,2020-03-20,5,2020-03-20 10:47:43.020,2020-03-20 10:42:20.500,2020-03-20 10:51:16.280,2,-0.04146341463414627
002339,2020-03-20,6,2020-03-20 11:03:02.160,2020-03-20 10:51:28.730,2020-03-20 11:13:09.440,2,-0.04146341463414627
002723,2020-03-20,1,2020-03-20 13:06:57.530,2020-03-20 13:03:40.900,2020-03-20 13:09:05.550,2,0.033659066232355934
002893,2020-03-20,1,2020-03-20 13:11:18.400,2020-03-20 13:06:01.400,2020-03-20 13:16:44.430,2,-0.012897678417884806
002953,2020-03-20,8,2020-03-20 13:01:37.020,2020-03-20 09:48:20.610,2020-03-20 15:00:00.000,2,-0.014847344207444603
300334,2020-03-20,1,2020-03-20 10:38:00.470,2020-03-20 10:36:39.010,2020-03-20 10:38:32.370,2,-0.021707670043415228
300491,2020-03-20,1,2020-03-20 13:04:04.520,2020-03-20 09:42:32.860,2020-03-20 15:00:00.000,2,-0.07949790794979084
300576,2020-03-20,3,2020-03-20 10:24:12.930,2020-03-20 10:21:32.600,2020-03-20 10:25:04.540,2,-0.2099495945649793
000597,2020-03-23,6,2020-03-23 10:30:07.390,2020-03-23 10:24:43.020,2020-03-23 15:00:00.000,2,0.01404853128991057
002093,2020-03-23,1,2020-03-23 11:00:17.780,2020-03-23 10:59:53.760,2020-03-23 13:04:45.930,2,-0.05671392827356125
002150,2020-03-23,1,2020-03-23 10:29:16.090,2020-03-23 10:26:54.920,2020-03-23 10:32:28.440,2,0.10030395136778124
002490,2020-03-23,1,2020-03-23 09:59:45.910,2020-03-23 09:32:22.420,2020-03-23 10:00:55.660,2,-0.043010752688172116
300140,2020-03-23,2,2020-03-23 10:36:38.510,2020-03-23 10:24:14.760,2020-03-23 14:48:34.180,2,-0.10006949270326626
300293,2020-03-23,1,2020-03-23 11:21:38.900,2020-03-23 10:29:57.430,2020-03-23 11:22:11.370,2,-0.09460458240946046
000889,2020-03-24,5,2020-03-24 11:18:04.570,2020-03-24 11:15:24.060,2020-03-24 13:02:04.200,2,0.09980039920159678
000889,2020-03-24,21,2020-03-24 13:12:59.870,2020-03-24 13:11:00.620,2020-03-24 13:27:12.770,2,0.09980039920159678
002011,2020-03-24,2,2020-03-24 10:06:57.960,2020-03-24 10:01:34.720,2020-03-24 10:07:45.520,2,0.0
002150,2020-03-24,9,2020-03-24 11:24:17.350,2020-03-24 11:16:48.560,2020-03-24 15:00:00.000,2,0.09944751381215466
002272,2020-03-24,4,2020-03-24 10:55:29.130,2020-03-24 10:50:30.990,2020-03-24 11:09:47.900,2,-0.19471947194719474
002515,2020-03-24,1,2020-03-24 11:19:09.350,2020-03-24 11:08:06.370,2020-03-24 13:04:47.950,2,0.0372250423011844
300141,2020-03-24,1,2020-03-24 10:04:35.650,2020-03-24 09:47:10.050,2020-03-24 10:46:00.090,2,0.1001053740779767
300175,2020-03-24,2,2020-03-24 10:42:59.320,2020-03-24 09:57:47.200,2020-03-24 11:04:47.060,2,0.0029673590504450953
300224,2020-03-24,1,2020-03-24 10:30:57.640,2020-03-24 09:49:14.760,2020-03-24 10:46:03.690,2,0.011083743842364768
300249,2020-03-24,2,2020-03-24 14:42:50.460,2020-03-24 14:42:22.810,2020-03-24 15:00:00.000,2,0.04268292682926855
000639,2020-03-25,2,2020-03-25 11:23:22.500,2020-03-25 11:12:13.430,2020-03-25 13:08:59.540,2,0.061264822134387435
000736,2020-03-25,2,2020-03-25 14:04:55.370,2020-03-25 13:58:35.830,2020-03-25 14:05:48.880,2,-0.01585365853658527
002412,2020-03-25,4,2020-03-25 11:18:42.920,2020-03-25 10:21:39.360,2020-03-25 15:00:00.000,2,0.01531213191990566
002820,2020-03-25,1,2020-03-25 09:38:53.550,2020-03-25 09:36:05.850,2020-03-25 09:39:29.180,2,0.016406890894175685
002907,2020-03-25,1,2020-03-25 09:58:44.080,2020-03-25 09:58:19.820,2020-03-25 09:58:58.900,2,-0.015067805123053947
300293,2020-03-25,3,2020-03-25 09:50:25.590,2020-03-25 09:42:39.520,2020-03-25 09:54:27.150,2,-0.10014836795252224
300293,2020-03-25,4,2020-03-25 10:00:40.950,2020-03-25 09:54:39.730,2020-03-25 10:34:26.800,2,-0.10014836795252224
300407,2020-03-25,1,2020-03-25 13:23:00.080,2020-03-25 13:22:28.330,2020-03-25 13:23:23.560,2,-0.1158480074142726
000576,2020-03-26,1,2020-03-26 10:21:21.060,2020-03-26 10:12:25.630,2020-03-26 10:33:09.800,2,-0.027941176470588136
002223,2020-03-26,5,2020-03-26 13:45:23.500,2020-03-26 13:43:31.780,2020-03-26 13:56:36.810,2,0.013567438148443632
300273,2020-03-26,2,2020-03-26 10:44:12.690,2020-03-26 10:43:21.510,2020-03-26 15:00:00.000,2,0.09966777408637872
300560,2020-03-26,4,2020-03-26 14:37:15.920,2020-03-26 14:34:36.200,2020-03-26 15:00:00.000,2,-0.04934687953555894
300770,2020-03-26,5,2020-03-26 13:03:16.040,2020-03-26 09:34:27.960,2020-03-26 15:00:00.000,2,-0.057730167921250734
000887,2020-03-27,4,2020-03-27 14:16:30.600,2020-03-27 14:16:05.470,2020-03-27 14:18:20.800,2,-0.010752688172043112
002205,2020-03-27,2,2020-03-27 11:04:20.100,2020-03-27 10:07:21.820,2020-03-27 11:11:08.530,2,0.10014836795252212
002494,2020-03-27,1,2020-03-27 10:08:55.380,2020-03-27 09:53:17.770,2020-03-27 10:11:07.580,2,-0.013461538461538523
300106,2020-03-27,3,2020-03-27 10:53:31.110,2020-03-27 10:52:45.140,2020-03-27 10:57:22.500,2,0.0811594202898549
300740,2020-03-27,1,2020-03-27 09:56:17.810,2020-03-27 09:55:34.490,2020-03-27 10:16:13.860,2,-0.10308056872037907
002205,2020-03-30,1,2020-03-30 14:12:26.300,2020-03-30 14:08:38.430,2020-03-30 15:00:00.000,2,0.07821982467970323
300265,2020-03-30,15,2020-03-30 14:15:51.970,2020-03-30 14:11:14.210,2020-03-30 14:16:48.980,2,0.045550105115627286
300765,2020-03-30,1,2020-03-30 13:58:17.690,2020-03-30 13:56:22.330,2020-03-30 13:58:46.390,2,0.01031762087800936
002205,2020-03-31,1,2020-03-31 11:22:21.430,2020-03-31 10:39:44.330,2020-03-31 11:29:28.580,2,-0.11771919068056402
002423,2020-03-31,5,2020-03-31 13:00:00.000,2020-03-31 10:24:23.000,2020-03-31 15:00:00.000,2,-0.017937219730941756
002845,2020-03-31,1,2020-03-31 09:49:07.980,2020-03-31 09:45:51.600,2020-03-31 09:55:02.520,2,-0.010256410256410107
300478,2020-03-31,2,2020-03-31 10:35:13.200,2020-03-31 10:21:50.810,2020-03-31 15:00:00.000,2,0.10022438294689606
002225,2020-04-01,2,2020-04-01 13:55:22.480,2020-04-01 13:52:41.620,2020-04-01 13:56:33.140,2,-0.006880733944954143
002225,2020-04-01,3,2020-04-01 14:07:01.900,2020-04-01 13:57:37.270,2020-04-01 14:10:08.700,2,-0.006880733944954143
002497,2020-04-01,3,2020-04-01 11:19:36.550,2020-04-01 11:18:34.650,2020-04-01 11:24:17.770,2,0.0
300506,2020-04-01,1,2020-04-01 09:34:50.190,2020-04-01 09:33:50.340,2020-04-01 09:40:51.060,2,0.05229793977813002
000547,2020-04-02,2,2020-04-02 14:44:46.510,2020-04-02 14:39:10.080,2020-04-02 14:47:12.880,2,0.004021447721179738
000554,2020-04-02,2,2020-04-02 14:25:05.110,2020-04-02 13:54:34.390,2020-04-02 14:36:44.040,2,0.044897959183673335
000859,2020-04-02,1,2020-04-02 10:45:04.490,2020-04-02 10:07:57.720,2020-04-02 10:48:28.370,2,0.011904761904761862
000889,2020-04-02,2,2020-04-02 11:06:22.420,2020-04-02 10:52:35.710,2020-04-02 11:07:24.630,2,-0.041869522882181036
002725,2020-04-02,1,2020-04-02 09:43:30.480,2020-04-02 09:38:00.420,2020-04-02 15:00:00.000,2,0.025878003696857558
002770,2020-04-02,7,2020-04-02 10:07:13.100,2020-04-02 10:05:56.390,2020-04-02 10:26:29.310,2,0.10158730158730167
002828,2020-04-02,1,2020-04-02 14:09:34.600,2020-04-02 13:46:51.340,2020-04-02 15:00:00.000,2,-0.011892963330029649
300063,2020-04-02,3,2020-04-02 10:44:41.600,2020-04-02 10:38:34.060,2020-04-02 10:58:33.960,2,-0.02510460251046032
000058,2020-04-03,3,2020-04-03 13:04:01.420,2020-04-03 13:00:42.130,2020-04-03 13:10:27.770,2,0.034482758620689724
002178,2020-04-03,5,2020-04-03 09:57:56.040,2020-04-03 09:48:53.240,2020-04-03 10:57:14.460,2,0.10042735042735053
002696,2020-04-03,5,2020-04-03 10:02:09.240,2020-04-03 09:57:57.850,2020-04-03 15:00:00.000,2,0.09999999999999988
000505,2020-04-07,3,2020-04-07 10:18:40.550,2020-04-07 10:17:35.480,2020-04-07 10:23:45.700,2,0.09966777408637872
000702,2020-04-07,1,2020-04-07 10:04:56.790,2020-04-07 10:03:51.250,2020-04-07 10:07:44.680,2,0.02134146341463428
000798,2020-04-07,4,2020-04-07 10:14:20.900,2020-04-07 10:13:15.010,2020-04-07 13:26:18.860,2,0.020497803806734938
000976,2020-04-07,1,2020-04-07 13:28:01.240,2020-04-07 13:16:06.670,2020-04-07 13:31:21.670,2,0.0038684719535784225
002152,2020-04-07,5,2020-04-07 13:24:08.710,2020-04-07 13:22:44.350,2020-04-07 13:33:10.090,2,-0.009287925696594423
002178,2020-04-07,2,2020-04-07 10:45:04.890,2020-04-07 10:36:19.030,2020-04-07 10:48:38.710,2,-0.029126213592233108
002688,2020-04-07,8,2020-04-07 13:17:35.100,2020-04-07 13:04:00.230,2020-04-07 15:00:00.000,2,0.0
300579,2020-04-07,3,2020-04-07 09:50:11.620,2020-04-07 09:46:48.720,2020-04-07 15:00:00.000,2,0.009412930393856822
000903,2020-04-08,2,2020-04-08 09:57:18.110,2020-04-08 09:43:59.580,2020-04-08 09:57:24.550,2,0.10035211267605648
002770,2020-04-08,7,2020-04-08 11:10:59.680,2020-04-08 10:14:12.750,2020-04-08 11:27:11.360,2,-0.14761904761904765
000428,2020-04-09,1,2020-04-09 11:13:01.170,2020-04-09 09:47:29.820,2020-04-09 11:19:18.510,2,-0.047887323943661915
000533,2020-04-09,2,2020-04-09 11:24:18.280,2020-04-09 10:22:00.040,2020-04-09 11:25:24.750,2,-0.0531561461794019
000710,2020-04-09,2,2020-04-09 11:23:29.560,2020-04-09 11:22:20.320,2020-04-09 11:25:17.530,2,-0.016933207902163794
002226,2020-04-09,1,2020-04-09 09:47:40.770,2020-04-09 09:44:36.040,2020-04-09 09:51:06.510,2,-0.029574861367837383
002247,2020-04-09,1,2020-04-09 09:44:33.970,2020-04-09 09:42:20.790,2020-04-09 15:00:00.000,2,0.0
002491,2020-04-09,2,2020-04-09 10:51:38.170,2020-04-09 10:48:02.370,2020-04-09 10:54:25.140,2,-0.08592592592592585
300229,2020-04-09,2,2020-04-09 14:35:50.850,2020-04-09 14:13:50.510,2020-04-09 15:00:00.000,2,-0.09325605900948364
300318,2020-04-09,1,2020-04-09 13:52:05.140,2020-04-09 13:51:44.490,2020-04-09 13:52:39.570,2,-0.11794019933554822
300479,2020-04-09,4,2020-04-09 13:09:02.010,2020-04-09 13:07:33.650,2020-04-09 15:00:00.000,2,-0.06925373134328361
000633,2020-04-10,1,2020-04-10 09:55:49.230,2020-04-10 09:52:48.220,2020-04-10 10:05:52.930,2,-0.07259953161592503
002136,2020-04-10,1,2020-04-10 10:31:55.120,2020-04-10 09:48:02.200,2020-04-10 10:33:32.590,2,-0.035218783351120615
002412,2020-04-10,2,2020-04-10 13:52:41.080,2020-04-10 13:50:52.570,2020-04-10 13:53:38.360,2,-0.01505376344086029
002412,2020-04-10,10,2020-04-10 14:04:19.080,2020-04-10 14:00:15.270,2020-04-10 14:06:18.600,2,-0.01505376344086029
002693,2020-04-10,2,2020-04-10 10:20:15.730,2020-04-10 10:19:46.530,2020-04-10 10:24:51.670,2,-0.03301886792452835
300049,2020-04-10,1,2020-04-10 13:02:33.670,2020-04-10 10:59:27.990,2020-04-10 13:25:26.780,2,0.10011641443538988
300071,2020-04-10,15,2020-04-10 09:40:52.160,2020-04-10 09:39:12.150,2020-04-10 09:44:14.780,2,-0.24852071005917165
300453,2020-04-10,1,2020-04-10 10:04:53.390,2020-04-10 10:03:34.670,2020-04-10 10:06:01.870,2,0.05417276720351394
300825,2020-04-10,4,2020-04-10 14:59:47.800,2020-04-10 14:51:38.590,2020-04-10 15:00:00.000,2,-0.099855976956313
000525,2020-04-13,11,2020-04-13 10:01:22.340,2020-04-13 09:58:24.760,2020-04-13 10:05:23.000,2,0.06646216768916169
000955,2020-04-13,4,2020-04-13 10:25:29.830,2020-04-13 10:24:48.150,2020-04-13 10:27:50.050,2,0.04737384140061773
002178,2020-04-13,2,2020-04-13 14:05:49.700,2020-04-13 14:04:43.460,2020-04-13 14:21:50.120,2,0.0
002178,2020-04-13,4,2020-04-13 14:27:36.500,2020-04-13 14:25:28.960,2020-04-13 15:00:00.000,2,0.0
002715,2020-04-14,1,2020-04-14 11:28:39.740,2020-04-14 11:28:00.930,2020-04-14 13:30:24.450,2,-0.009758602978941822
300341,2020-04-14,1,2020-04-14 10:25:56.170,2020-04-14 10:18:55.640,2020-04-14 10:44:01.500,2,0.02967032967032956
002249,2020-04-15,4,2020-04-15 10:59:14.650,2020-04-15 10:07:09.630,2020-04-15 13:23:48.710,2,0.002754820936639257
002249,2020-04-15,5,2020-04-15 14:25:06.390,2020-04-15 13:24:37.060,2020-04-15 15:00:00.000,2,0.002754820936639257
300147,2020-04-15,5,2020-04-15 14:17:25.330,2020-04-15 14:14:54.730,2020-04-15 14:18:54.950,2,0.001828153564899626
300147,2020-04-15,6,2020-04-15 14:23:34.320,2020-04-15 14:21:09.730,2020-04-15 15:00:00.000,2,0.001828153564899626
300471,2020-04-15,2,2020-04-15 13:47:53.540,2020-04-15 13:47:00.230,2020-04-15 14:00:23.340,2,0.03323558162267837
000767,2020-04-16,4,2020-04-16 09:41:41.450,2020-04-16 09:40:51.100,2020-04-16 15:00:00.000,2,-0.0234375
002075,2020-04-16,13,2020-04-16 13:52:21.850,2020-04-16 13:40:54.650,2020-04-16 15:00:00.000,2,-0.04545454545454541
002121,2020-04-16,2,2020-04-16 09:56:01.910,2020-04-16 09:52:59.670,2020-04-16 09:56:17.590,2,-0.03674540682414706
002121,2020-04-16,5,2020-04-16 10:19:46.930,2020-04-16 10:16:40.960,2020-04-16 15:00:00.000,2,-0.03674540682414706
002205,2020-04-16,1,2020-04-16 10:24:41.410,2020-04-16 10:10:26.260,2020-04-16 15:00:00.000,2,-0.013915243516761544
300427,2020-04-16,1,2020-04-16 13:30:55.100,2020-04-16 13:28:57.920,2020-04-16 13:31:18.360,2,0.044916090819348435
300427,2020-04-16,2,2020-04-16 13:33:58.190,2020-04-16 13:33:16.110,2020-04-16 15:00:00.000,2,0.044916090819348435
300465,2020-04-16,4,2020-04-16 14:29:53.260,2020-04-16 14:29:15.910,2020-04-16 15:00:00.000,2,-0.08503836317135549
300576,2020-04-16,2,2020-04-16 14:20:35.810,2020-04-16 14:17:13.580,2020-04-16 15:00:00.000,2,0.054828352679674015
300623,2020-04-16,2,2020-04-16 10:07:04.340,2020-04-16 10:06:23.970,2020-04-16 10:07:09.910,2,0.06516916250693283
000952,2020-04-17,8,2020-04-17 11:27:12.710,2020-04-17 11:14:30.300,2020-04-17 13:33:40.470,2,0.0008417508417508657
002178,2020-04-17,1,2020-04-17 13:25:00.890,2020-04-17 09:49:37.000,2020-04-17 15:00:00.000,2,0.0038535645472059783
002326,2020-04-17,4,2020-04-17 09:44:17.290,2020-04-17 09:43:45.870,2020-04-17 15:00:00.000,2,0.02231075697211149
002537,2020-04-17,3,2020-04-17 10:05:01.880,2020-04-17 10:04:02.300,2020-04-17 10:05:30.400,2,0.03229974160206717
002825,2020-04-17,3,2020-04-17 11:07:58.960,2020-04-17 11:07:25.140,2020-04-17 15:00:00.000,2,0.024697845507094085
002837,2020-04-17,1,2020-04-17 11:29:04.250,2020-04-17 11:27:38.860,2020-04-17 13:40:46.950,2,0.09536266349583844
300090,2020-04-17,1,2020-04-17 09:42:27.110,2020-04-17 09:41:46.660,2020-04-17 09:42:44.630,2,-0.04273504273504258
300594,2020-04-17,1,2020-04-17 13:04:53.050,2020-04-17 13:04:07.970,2020-04-17 15:00:00.000,2,0.03310162197947708
000599,2020-04-20,1,2020-04-20 11:04:54.160,2020-04-20 10:57:17.790,2020-04-20 11:07:11.570,2,0.007142857142857118
002041,2020-04-20,7,2020-04-20 10:46:52.890,2020-04-20 10:44:02.440,2020-04-20 10:55:51.690,2,-0.04065040650406493
002570,2020-04-20,2,2020-04-20 09:55:51.410,2020-04-20 09:53:41.290,2020-04-20 09:58:18.470,2,0.016286644951140072
300342,2020-04-20,2,2020-04-20 14:12:19.900,2020-04-20 14:02:11.720,2020-04-20 14:12:34.900,2,0.100275482093664
300463,2020-04-20,20,2020-04-20 11:07:13.350,2020-04-20 10:53:15.870,2020-04-20 15:00:00.000,2,-0.016480595427963762
002683,2020-04-21,1,2020-04-21 11:14:58.140,2020-04-21 11:13:46.980,2020-04-21 11:23:03.910,2,0.041055718475073284
300022,2020-04-21,1,2020-04-21 13:36:41.890,2020-04-21 09:34:30.500,2020-04-21 13:41:16.660,2,0.03030303030303028
300675,2020-04-21,1,2020-04-21 13:50:58.450,2020-04-21 13:49:43.080,2020-04-21 13:51:28.270,2,-0.004801097393690057
000525,2020-04-22,10,2020-04-22 13:21:14.280,2020-04-22 13:00:00.000,2020-04-22 15:00:00.000,2,-0.016014234875444844
002204,2020-04-22,2,2020-04-22 10:19:16.950,2020-04-22 10:15:52.240,2020-04-22 10:19:33.570,2,0.09973045822102433
300087,2020-04-22,1,2020-04-22 13:03:25.630,2020-04-22 13:00:00.000,2020-04-22 13:06:42.920,2,0.02696793002915454
300087,2020-04-22,3,2020-04-22 13:07:36.190,2020-04-22 13:06:59.310,2020-04-22 13:28:55.020,2,0.02696793002915454
300151,2020-04-22,6,2020-04-22 10:15:38.340,2020-04-22 10:08:08.210,2020-04-22 15:00:00.000,2,0.10105448154657304
300345,2020-04-22,1,2020-04-22 13:46:16.090,2020-04-22 13:41:56.400,2020-04-22 15:00:00.000,2,0.008902077151335286
000607,2020-04-23,2,2020-04-23 14:05:49.960,2020-04-23 13:32:56.720,2020-04-23 14:11:26.000,2,-0.06783369803063466
002252,2020-04-23,1,2020-04-23 09:50:04.860,2020-04-23 09:49:08.260,2020-04-23 09:50:58.060,2,-0.01122334455667784
002492,2020-04-23,4,2020-04-23 10:24:06.170,2020-04-23 10:19:16.600,2020-04-23 15:00:00.000,2,-0.06537890044576533
002676,2020-04-23,3,2020-04-23 13:49:31.690,2020-04-23 13:48:36.420,2020-04-23 13:54:54.340,2,-0.08048780487804874
300189,2020-04-23,2,2020-04-23 10:32:03.170,2020-04-23 10:30:43.950,2020-04-23 15:00:00.000,2,-0.06697459584295617
300463,2020-04-23,78,2020-04-23 14:48:57.390,2020-04-23 14:30:50.630,2020-04-23 15:00:00.000,2,-0.03535353535353536
300485,2020-04-23,5,2020-04-23 14:57:45.860,2020-04-23 11:04:36.340,2020-04-23 15:00:00.000,2,0.10020876826722347
300538,2020-04-23,1,2020-04-23 14:16:39.190,2020-04-23 14:16:01.430,2020-04-23 14:17:13.950,2,-0.1445825932504441
000796,2020-04-24,1,2020-04-24 09:32:18.460,2020-04-24 09:31:58.490,2020-04-24 09:33:03.960,2,0.07058823529411762
300091,2020-04-24,2,2020-04-24 14:13:54.110,2020-04-24 14:04:19.670,2020-04-24 14:14:06.050,2,0.002702702702702675
300793,2020-04-24,2,2020-04-24 09:42:38.200,2020-04-24 09:37:45.610,2020-04-24 15:00:00.000,2,0.004814926271441644
002755,2020-04-27,2,2020-04-27 10:36:07.370,2020-04-27 10:30:39.490,2020-04-27 15:00:00.000,2,0.00608210846426771
002919,2020-04-27,1,2020-04-27 10:00:24.750,2020-04-27 09:59:26.170,2020-04-27 10:01:04.790,2,-0.02291021671826621
300403,2020-04-27,1,2020-04-27 09:49:49.760,2020-04-27 09:47:08.010,2020-04-27 09:56:41.210,2,-0.021359223300970957
300403,2020-04-27,2,2020-04-27 11:05:03.320,2020-04-27 09:59:06.180,2020-04-27 14:26:23.380,2,-0.021359223300970957
000609,2020-04-29,4,2020-04-29 09:53:38.490,2020-04-29 09:47:09.120,2020-04-29 13:29:15.550,2,0.10050251256281406
002498,2020-04-29,4,2020-04-29 14:59:52.580,2020-04-29 14:52:32.020,2020-04-29 15:00:00.000,2,0.1002004008016033
002615,2020-04-29,2,2020-04-29 10:17:40.500,2020-04-29 09:41:03.780,2020-04-29 10:19:14.830,2,-0.093167701863354
002906,2020-04-30,1,2020-04-30 09:39:58.250,2020-04-30 09:38:08.850,2020-04-30 10:02:52.230,2,0.02440884820747513
300173,2020-04-30,1,2020-04-30 13:01:03.170,2020-04-30 13:00:01.180,2020-04-30 15:00:00.000,2,0.05343511450381677
000851,2020-05-06,5,2020-05-06 14:40:33.090,2020-05-06 14:38:19.950,2020-05-06 15:00:00.000,2,0.004032258064516014
002158,2020-05-06,1,2020-05-06 10:34:56.190,2020-05-06 10:34:35.180,2020-05-06 10:46:22.290,2,0.013868613138686259
002505,2020-05-06,9,2020-05-06 13:48:17.720,2020-05-06 11:27:24.370,2020-05-06 15:00:00.000,2,0.061371841155234634
002662,2020-05-06,21,2020-05-06 14:14:22.790,2020-05-06 14:11:18.850,2020-05-06 15:00:00.000,2,-0.10065645514223197
002827,2020-05-06,2,2020-05-06 11:09:33.510,2020-05-06 11:09:06.810,2020-05-06 15:00:00.000,2,0.0010204081632652071
002979,2020-05-06,1,2020-05-06 14:55:22.720,2020-05-06 14:54:26.090,2020-05-06 15:00:00.000,2,0.0225437415881562
300097,2020-05-06,1,2020-05-06 10:24:04.820,2020-05-06 10:20:46.990,2020-05-06 10:24:49.710,2,0.03149606299212593
300165,2020-05-06,1,2020-05-06 09:50:38.430,2020-05-06 09:45:25.750,2020-05-06 09:51:16.300,2,0.006122448979591688
300165,2020-05-06,3,2020-05-06 10:19:38.530,2020-05-06 10:15:57.170,2020-05-06 10:57:51.730,2,0.006122448979591688
300276,2020-05-06,2,2020-05-06 09:40:23.630,2020-05-06 09:33:12.900,2020-05-06 09:42:44.750,2,0.10055248618784528
000609,2020-05-07,5,2020-05-07 09:56:51.670,2020-05-07 09:55:44.920,2020-05-07 10:07:42.390,2,-0.12955974842767293
002127,2020-05-07,3,2020-05-07 11:25:29.770,2020-05-07 10:17:55.800,2020-05-07 13:07:45.080,2,-0.02890173410404628
002127,2020-05-07,5,2020-05-07 13:32:19.910,2020-05-07 13:13:22.780,2020-05-07 15:00:00.000,2,-0.02890173410404628
002975,2020-05-07,2,2020-05-07 14:21:33.540,2020-05-07 13:21:37.900,2020-05-07 14:41:02.710,2,-0.006234507624126695
002977,2020-05-07,3,2020-05-07 13:57:35.800,2020-05-07 13:52:01.080,2020-05-07 15:00:00.000,2,-0.014072229140722259
002980,2020-05-07,1,2020-05-07 14:33:03.240,2020-05-07 14:16:40.060,2020-05-07 15:00:00.000,2,0.09993454069386852
300576,2020-05-07,16,2020-05-07 14:53:58.230,2020-05-07 14:53:18.550,2020-05-07 15:00:00.000,2,0.01747509390821489
000818,2020-05-08,4,2020-05-08 14:11:55.380,2020-05-08 14:04:09.470,2020-05-08 15:00:00.000,2,-0.015524422567209428
002248,2020-05-08,1,2020-05-08 13:42:17.060,2020-05-08 13:41:00.220,2020-05-08 15:00:00.000,2,-0.015151515151515247
000609,2020-05-11,2,2020-05-11 10:13:34.520,2020-05-11 10:12:22.250,2020-05-11 10:14:15.530,2,-0.09724047306176087
000609,2020-05-11,4,2020-05-11 14:12:30.030,2020-05-11 14:11:55.420,2020-05-11 15:00:00.000,2,-0.09724047306176087
002813,2020-05-11,1,2020-05-11 09:46:45.860,2020-05-11 09:45:03.090,2020-05-11 09:49:14.580,2,-0.0593692022263449
002878,2020-05-11,1,2020-05-11 11:11:34.120,2020-05-11 11:08:40.040,2020-05-11 11:12:51.680,2,-0.017761033369214085
002981,2020-05-11,1,2020-05-11 10:06:44.270,2020-05-11 10:06:21.900,2020-05-11 10:07:58.400,2,-0.08193041526374867
300276,2020-05-11,1,2020-05-11 09:31:54.970,2020-05-11 09:31:41.380,2020-05-11 09:32:07.080,2,-0.10373066424021836
300651,2020-05-11,1,2020-05-11 10:41:34.990,2020-05-11 10:41:17.380,2020-05-11 10:42:30.470,2,-0.053475935828877
000700,2020-05-12,1,2020-05-12 14:32:07.280,2020-05-12 14:31:49.190,2020-05-12 14:32:32.430,2,-0.029900332225913595
002696,2020-05-12,1,2020-05-12 11:15:30.940,2020-05-12 09:54:14.460,2020-05-12 11:16:12.890,2,-0.0208023774145617
300151,2020-05-12,2,2020-05-12 13:54:52.120,2020-05-12 13:18:08.650,2020-05-12 14:03:31.940,2,-0.051654560129136495
300406,2020-05-12,3,2020-05-12 13:09:50.690,2020-05-12 11:19:10.300,2020-05-12 15:00:00.000,2,0.0020661157024792765
002980,2020-05-13,19,2020-05-13 13:21:09.720,2020-05-13 13:18:26.430,2020-05-13 13:32:33.800,2,-0.07459425717852686
000620,2020-05-14,1,2020-05-14 13:36:28.350,2020-05-14 13:21:38.690,2020-05-14 13:41:18.740,2,0.09863945578231292
002046,2020-05-14,2,2020-05-14 11:27:39.560,2020-05-14 11:16:20.150,2020-05-14 11:28:52.800,2,0.10036832412523022
002046,2020-05-14,5,2020-05-14 13:00:43.400,2020-05-14 13:00:00.000,2020-05-14 13:11:14.390,2,0.10036832412523022
002204,2020-05-14,6,2020-05-14 14:09:30.010,2020-05-14 13:52:15.550,2020-05-14 14:11:22.690,2,0.10045662100456633
300022,2020-05-14,3,2020-05-14 09:31:28.580,2020-05-14 09:31:17.210,2020-05-14 09:31:35.420,2,-0.04825291181364389
002094,2020-05-15,3,2020-05-15 10:12:47.260,2020-05-15 10:10:26.880,2020-05-15 10:20:07.710,2,-0.03153153153153165
300816,2020-05-15,1,2020-05-15 10:03:21.840,2020-05-15 10:02:52.460,2020-05-15 10:05:17.890,2,0.1000812017864392
002204,2020-05-18,12,2020-05-18 10:21:41.370,2020-05-18 10:21:05.110,2020-05-18 15:00:00.000,2,-0.009433962264150941
002272,2020-05-18,2,2020-05-18 09:37:48.870,2020-05-18 09:36:47.700,2020-05-18 15:00:00.000,2,0.10021321961620466
002650,2020-05-18,3,2020-05-18 14:17:16.970,2020-05-18 14:15:14.990,2020-05-18 14:20:11.350,2,0.02678571428571419
002858,2020-05-18,1,2020-05-18 13:43:25.340,2020-05-18 13:39:59.910,2020-05-18 13:43:40.240,2,-0.03534609720176729
300121,2020-05-18,1,2020-05-18 09:56:47.030,2020-05-18 09:36:06.470,2020-05-18 15:00:00.000,2,0.023936170212766058
300159,2020-05-18,2,2020-05-18 14:44:39.410,2020-05-18 11:07:04.340,2020-05-18 15:00:00.000,2,-0.01098901098901095
300576,2020-05-18,5,2020-05-18 13:29:39.310,2020-05-18 13:27:33.830,2020-05-18 13:49:56.510,2,0.09995746490854952
000716,2020-05-19,1,2020-05-19 14:33:41.450,2020-05-19 14:33:25.130,2020-05-19 14:35:58.180,2,-0.061946902654867124
000788,2020-05-19,1,2020-05-19 10:55:42.290,2020-05-19 10:23:34.860,2020-05-19 11:04:51.960,2,0.013196480938416409
300330,2020-05-19,1,2020-05-19 14:07:40.800,2020-05-19 13:51:16.430,2020-05-19 14:11:47.920,2,0.0040160642570279395
300505,2020-05-19,1,2020-05-19 10:39:23.590,2020-05-19 10:14:00.160,2020-05-19 10:41:58.950,2,-0.012812299807815508
000551,2020-05-20,1,2020-05-20 13:03:42.280,2020-05-20 13:00:33.930,2020-05-20 13:07:46.730,2,0.1006060606060606
000557,2020-05-20,1,2020-05-20 09:49:41.910,2020-05-20 09:46:41.500,2020-05-20 10:00:35.320,2,0.10106382978723394
000584,2020-05-20,6,2020-05-20 11:22:56.430,2020-05-20 11:21:42.330,2020-05-20 13:00:58.300,2,-0.06505295007564305
002653,2020-05-20,1,2020-05-20 13:28:08.950,2020-05-20 13:25:21.770,2020-05-20 13:32:03.490,2,0.02814423922603337
300035,2020-05-20,2,2020-05-20 10:32:29.410,2020-05-20 10:26:36.020,2020-05-20 13:00:00.930,2,0.005148005148005064
300079,2020-05-20,1,2020-05-20 10:07:44.380,2020-05-20 10:07:08.300,2020-05-20 10:08:14.520,2,-0.06156716417910446
000665,2020-05-21,10,2020-05-21 10:20:39.030,2020-05-21 10:13:39.870,2020-05-21 15:00:00.000,2,0.0588235294117645
000710,2020-05-21,1,2020-05-21 11:28:44.020,2020-05-21 11:28:16.540,2020-05-21 13:03:39.810,2,-0.06822577809038155
002043,2020-05-21,1,2020-05-21 14:47:34.690,2020-05-21 13:44:10.290,2020-05-21 15:00:00.000,2,-0.006802721088435382
002280,2020-05-21,1,2020-05-21 13:47:25.800,2020-05-21 13:37:45.720,2020-05-21 13:47:56.680,2,-0.053475935828877
002514,2020-05-21,1,2020-05-21 14:18:13.040,2020-05-21 14:16:03.250,2020-05-21 14:19:29.080,2,0.015317286652078543
002980,2020-05-21,1,2020-05-21 13:53:17.800,2020-05-21 13:38:56.280,2020-05-21 15:00:00.000,2,-0.003753970545769647
300167,2020-05-21,1,2020-05-21 14:12:07.330,2020-05-21 14:11:03.550,2020-05-21 14:12:45.820,2,-0.0273684210526316
300313,2020-05-21,1,2020-05-21 09:54:30.060,2020-05-21 09:48:39.470,2020-05-21 09:56:07.590,2,-0.09514925373134342
300491,2020-05-21,4,2020-05-21 09:50:05.590,2020-05-21 09:49:53.710,2020-05-21 09:50:45.670,2,-0.061068702290076216
000551,2020-05-22,4,2020-05-22 10:52:31.020,2020-05-22 10:26:26.570,2020-05-22 10:54:50.240,2,0.10010010010010006
002369,2020-05-22,10,2020-05-22 10:25:34.480,2020-05-22 10:15:07.430,2020-05-22 10:31:14.920,2,-0.050167224080267636
002694,2020-05-22,1,2020-05-22 09:36:04.500,2020-05-22 09:35:58.360,2020-05-22 09:36:09.640,2,0.101010101010101
002896,2020-05-22,1,2020-05-22 14:26:34.810,2020-05-22 14:26:17.060,2020-05-22 15:00:00.000,2,-0.022747546833184692
002553,2020-05-25,1,2020-05-25 10:22:45.800,2020-05-25 10:22:24.230,2020-05-25 15:00:00.000,2,0.02336448598130847
000551,2020-05-26,4,2020-05-26 10:13:19.510,2020-05-26 09:54:33.960,2020-05-26 10:14:07.690,2,0.08436724565756815
000701,2020-05-26,1,2020-05-26 09:47:09.040,2020-05-26 09:46:32.450,2020-05-26 09:51:27.340,2,-0.040322580645161366
002051,2020-05-26,3,2020-05-26 13:11:07.050,2020-05-26 13:07:38.580,2020-05-26 13:18:39.280,2,-0.009102730819245841
002138,2020-05-26,1,2020-05-26 13:45:11.690,2020-05-26 13:41:23.260,2020-05-26 13:49:49.980,2,0.03849443969204458
002273,2020-05-26,1,2020-05-26 14:30:22.020,2020-05-26 14:29:57.380,2020-05-26 15:00:00.000,2,0.027479892761394176
002338,2020-05-26,7,2020-05-26 10:00:51.200,2020-05-26 09:51:51.230,2020-05-26 10:02:51.840,2,0.09990662931839388
300242,2020-05-26,2,2020-05-26 13:25:05.470,2020-05-26 13:24:38.480,2020-05-26 13:31:13.110,2,-0.03244274809160308
300242,2020-05-26,3,2020-05-26 13:32:37.750,2020-05-26 13:32:13.170,2020-05-26 13:33:08.030,2,-0.03244274809160308
300249,2020-05-26,2,2020-05-26 13:01:27.390,2020-05-26 13:00:20.780,2020-05-26 13:07:32.630,2,-0.05499276410998555
300745,2020-05-26,1,2020-05-26 10:34:11.130,2020-05-26 10:33:57.500,2020-05-26 10:34:25.870,2,-0.04376012965964349
002222,2020-05-27,1,2020-05-27 11:12:47.570,2020-05-27 11:12:21.460,2020-05-27 11:25:33.910,2,-0.08809020436927417
002641,2020-05-27,1,2020-05-27 13:21:50.430,2020-05-27 13:20:36.400,2020-05-27 13:40:46.200,2,-0.005181347150259086
002811,2020-05-27,2,2020-05-27 09:52:47.300,2020-05-27 09:51:24.260,2020-05-27 09:53:09.110,2,0.0
300405,2020-05-27,3,2020-05-27 10:33:04.470,2020-05-27 10:32:43.800,2020-05-27 10:33:43.530,2,-0.0903225806451613
300423,2020-05-27,2,2020-05-27 13:34:18.830,2020-05-27 13:30:33.770,2020-05-27 14:20:28.140,2,0.030597014925373145
300700,2020-05-27,1,2020-05-27 10:15:09.360,2020-05-27 10:12:45.630,2020-05-27 10:18:31.030,2,-0.014764338444065772
000567,2020-05-28,4,2020-05-28 11:27:28.950,2020-05-28 11:25:40.190,2020-05-28 15:00:00.000,2,0.09999999999999988
000910,2020-05-28,3,2020-05-28 11:11:06.980,2020-05-28 11:04:17.360,2020-05-28 13:10:42.550,2,-0.008795669824086527
002297,2020-05-28,1,2020-05-28 10:58:16.580,2020-05-28 10:57:45.560,2020-05-28 11:00:22.130,2,-0.05243445692883897
002398,2020-05-28,2,2020-05-28 10:44:37.900,2020-05-28 10:20:58.960,2020-05-28 11:05:25.550,2,0.040100250626566185
002865,2020-05-28,1,2020-05-28 14:27:55.140,2020-05-28 14:27:48.140,2020-05-28 14:28:57.970,2,-0.005167958656330796
300309,2020-05-28,6,2020-05-28 13:32:46.590,2020-05-28 13:31:06.660,2020-05-28 15:00:00.000,2,-0.08894230769230771
300367,2020-05-28,4,2020-05-28 13:00:14.150,2020-05-28 13:00:10.100,2020-05-28 15:00:00.000,2,-0.011415525114155223
000030,2020-05-29,3,2020-05-29 09:48:25.300,2020-05-29 09:47:54.330,2020-05-29 09:51:39.450,2,0.09982174688057044
000030,2020-05-29,4,2020-05-29 09:54:29.240,2020-05-29 09:52:32.180,2020-05-29 15:00:00.000,2,0.09982174688057044
002105,2020-05-29,5,2020-05-29 10:08:01.260,2020-05-29 10:02:51.990,2020-05-29 15:00:00.000,2,0.008016032064128266
002137,2020-05-29,2,2020-05-29 10:01:56.130,2020-05-29 10:01:15.890,2020-05-29 10:02:39.840,2,0.10026737967914444
002137,2020-05-29,4,2020-05-29 10:27:38.250,2020-05-29 10:20:26.350,2020-05-29 15:00:00.000,2,0.10026737967914444
002277,2020-05-29,4,2020-05-29 11:00:18.010,2020-05-29 10:55:25.100,2020-05-29 11:02:13.130,2,-0.01327433628318575
002409,2020-05-29,7,2020-05-29 13:28:55.080,2020-05-29 13:24:57.600,2020-05-29 13:30:00.660,2,0.02994764397905758
002605,2020-05-29,2,2020-05-29 10:12:30.970,2020-05-29 09:54:23.160,2020-05-29 10:23:00.630,2,0.10013623978201623
002609,2020-05-29,3,2020-05-29 13:22:55.200,2020-05-29 13:22:25.550,2020-05-29 13:23:31.140,2,-0.0068846815834767705
300189,2020-05-29,3,2020-05-29 13:31:28.580,2020-05-29 13:30:27.580,2020-05-29 13:32:09.390,2,0.0
300370,2020-05-29,2,2020-05-29 10:45:17.110,2020-05-29 10:17:56.090,2020-05-29 10:49:04.980,2,-0.0037735849056603774
300740,2020-05-29,2,2020-05-29 10:02:52.500,2020-05-29 10:00:46.760,2020-05-29 10:03:22.670,2,0.09985632183908044
002071,2020-06-01,3,2020-06-01 10:01:30.920,2020-06-01 09:53:26.270,2020-06-01 15:00:00.000,2,0.10000000000000007
002183,2020-06-01,10,2020-06-01 13:42:32.360,2020-06-01 13:34:44.440,2020-06-01 13:45:05.480,2,-0.004065040650406471
002947,2020-06-01,1,2020-06-01 11:05:07.090,2020-06-01 11:04:56.190,2020-06-01 15:00:00.000,2,0.053436555891238635
300432,2020-06-01,1,2020-06-01 13:04:22.940,2020-06-01 10:06:24.740,2020-06-01 13:14:39.840,2,-0.049668874172185566
300575,2020-06-01,1,2020-06-01 13:16:47.060,2020-06-01 13:15:01.850,2020-06-01 15:00:00.000,2,0.02580645161290329
000613,2020-06-02,9,2020-06-02 10:51:52.650,2020-06-02 10:51:19.890,2020-06-02 15:00:00.000,2,-0.04231166150670795
000687,2020-06-02,4,2020-06-02 10:37:10.770,2020-06-02 10:36:34.980,2020-06-02 10:39:12.030,2,0.05248618784530379
000701,2020-06-02,6,2020-06-02 13:35:41.290,2020-06-02 13:33:10.730,2020-06-02 13:43:59.950,2,-0.015238095238095271
002068,2020-06-02,2,2020-06-02 10:16:45.620,2020-06-02 10:11:13.020,2020-06-02 10:18:11.660,2,-0.0067114093959730345
002068,2020-06-02,10,2020-06-02 11:29:39.970,2020-06-02 11:28:52.030,2020-06-02 13:04:56.160,2,-0.0067114093959730345
300201,2020-06-02,1,2020-06-02 13:26:45.850,2020-06-02 13:25:40.830,2020-06-02 13:49:31.430,2,-0.020202020202020218
300522,2020-06-02,1,2020-06-02 10:27:01.230,2020-06-02 10:26:18.820,2020-06-02 10:32:28.720,2,0.013597033374536329
300825,2020-06-02,2,2020-06-02 11:09:18.490,2020-06-02 11:08:27.090,2020-06-02 11:11:04.350,2,-0.0060944641950229075
300825,2020-06-02,4,2020-06-02 11:11:53.270,2020-06-02 11:11:13.560,2020-06-02 11:14:57.140,2,-0.0060944641950229075
000567,2020-06-03,3,2020-06-03 09:37:23.100,2020-06-03 09:36:20.100,2020-06-03 09:38:17.310,2,-0.08147174770039423
000929,2020-06-03,1,2020-06-03 13:00:00.000,2020-06-03 11:29:15.640,2020-06-03 15:00:00.000,2,0.06983240223463683
002107,2020-06-03,1,2020-06-03 10:00:26.980,2020-06-03 10:00:02.080,2020-06-03 10:01:42.410,2,-0.029591836734694014
002150,2020-06-03,2,2020-06-03 13:00:35.720,2020-06-03 11:23:24.010,2020-06-03 13:15:09.860,2,-0.036818851251840916
002740,2020-06-03,1,2020-06-03 10:45:26.940,2020-06-03 10:42:21.170,2020-06-03 10:46:20.200,2,0.029143897996356968
002951,2020-06-03,2,2020-06-03 10:12:17.080,2020-06-03 10:12:07.870,2020-06-03 15:00:00.000,2,0.028588098016335994
300126,2020-06-03,1,2020-06-03 10:38:02.790,2020-06-03 10:37:31.480,2020-06-03 13:00:02.180,2,-0.07633587786259544
300225,2020-06-03,1,2020-06-03 09:37:51.560,2020-06-03 09:37:38.350,2020-06-03 09:38:35.930,2,-0.11363636363636365
300343,2020-06-03,1,2020-06-03 10:28:59.860,2020-06-03 10:16:51.800,2020-06-03 10:31:28.370,2,-0.047413793103448176
300343,2020-06-03,2,2020-06-03 10:37:36.560,2020-06-03 10:32:24.560,2020-06-03 10:39:13.920,2,-0.047413793103448176
300806,2020-06-03,1,2020-06-03 11:23:30.220,2020-06-03 11:22:42.220,2020-06-03 15:00:00.000,2,0.008164217401446239
000721,2020-06-04,5,2020-06-04 09:33:25.210,2020-06-04 09:32:54.060,2020-06-04 09:33:55.050,2,0.10056925996204936
000721,2020-06-04,18,2020-06-04 13:00:00.000,2020-06-04 10:28:29.510,2020-06-04 15:00:00.000,2,0.10056925996204936
000835,2020-06-04,1,2020-06-04 11:19:59.370,2020-06-04 11:19:03.940,2020-06-04 13:05:21.270,2,0.003012048192771122
002105,2020-06-04,2,2020-06-04 13:33:31.740,2020-06-04 13:27:05.830,2020-06-04 13:34:45.780,2,0.09982174688057044
002942,2020-06-04,1,2020-06-04 14:22:21.810,2020-06-04 13:52:00.740,2020-06-04 14:40:50.890,2,-0.015050752537626888
300095,2020-06-04,2,2020-06-04 10:35:31.670,2020-06-04 10:34:45.220,2020-06-04 10:46:04.140,2,-0.009756097560975507
300167,2020-06-04,1,2020-06-04 11:27:02.300,2020-06-04 11:26:44.790,2020-06-04 11:27:24.040,2,-0.046511627906976834
300167,2020-06-04,2,2020-06-04 13:00:02.860,2020-06-04 13:00:00.040,2020-06-04 13:04:18.490,2,-0.046511627906976834
300766,2020-06-04,1,2020-06-04 09:35:31.690,2020-06-04 09:34:46.460,2020-06-04 09:35:47.460,2,-0.08044212465459011
000557,2020-06-05,5,2020-06-05 09:57:25.250,2020-06-05 09:56:45.050,2020-06-05 15:00:00.000,2,-0.0985324947589098
002105,2020-06-05,2,2020-06-05 09:42:07.560,2020-06-05 09:40:46.450,2020-06-05 09:44:04.770,2,-0.0972447325769854
300097,2020-06-05,17,2020-06-05 11:04:28.270,2020-06-05 10:36:54.110,2020-06-05 11:25:16.110,2,-0.048102981029810254
300242,2020-06-05,8,2020-06-05 13:17:37.250,2020-06-05 13:06:32.620,2020-06-05 13:28:55.120,2,-0.018583042973286945
300390,2020-06-05,4,2020-06-05 11:08:28.930,2020-06-05 10:58:54.200,2020-06-05 13:10:28.220,2,0.03142626913779223
000923,2020-06-08,2,2020-06-08 13:44:39.250,2020-06-08 13:31:36.050,2020-06-08 14:47:37.380,2,-0.06012884753042225
002990,2020-06-08,5,2020-06-08 14:59:34.270,2020-06-08 14:51:56.330,2020-06-08 14:57:20.680,2,-0.038039829939583665
300364,2020-06-08,1,2020-06-08 13:48:13.650,2020-06-08 10:15:38.270,2020-06-08 13:52:04.240,2,0.015789473684210575
300364,2020-06-08,3,2020-06-08 13:58:42.460,2020-06-08 13:57:21.340,2020-06-08 14:00:19.900,2,0.015789473684210575
300242,2020-06-09,1,2020-06-09 09:49:55.080,2020-06-09 09:49:30.350,2020-06-09 09:50:38.790,2,-0.12365591397849462
300321,2020-06-09,1,2020-06-09 10:25:25.980,2020-06-09 10:23:39.620,2020-06-09 15:00:00.000,2,-0.013712544438801431
300471,2020-06-09,1,2020-06-09 14:30:23.830,2020-06-09 14:29:01.100,2020-06-09 14:30:49.660,2,-0.0607064017660045
300485,2020-06-09,3,2020-06-09 10:54:24.000,2020-06-09 10:49:20.540,2020-06-09 10:57:45.300,2,0.004977876106194935
002425,2020-06-10,1,2020-06-10 10:36:36.020,2020-06-10 10:35:43.410,2020-06-10 10:39:25.900,2,0.04484304932735439
300016,2020-06-10,2,2020-06-10 13:34:11.620,2020-06-10 13:31:06.300,2020-06-10 13:35:34.180,2,0.015701668302257055
300280,2020-06-10,2,2020-06-10 13:55:15.990,2020-06-10 13:54:22.690,2020-06-10 14:08:09.180,2,0.03030303030303028
